{"version":0,"bundler":"metro","fileMetadata":{"ios":{"bundle":"_expo/static/js/ios/entry-9f6e648ca05915892282afe0e49da564.hbc","assets":[{"path":"assets/6148e7019854f3bde85b633cb88f3c25","ext":"ttf"},{"path":"assets/7d40544b395c5949f4646f5e150fe020","ext":"png"},{"path":"assets/cdd04e13d4ec83ff0cd13ec8dabdc341","ext":"png"},{"path":"assets/a132ecc4ba5c1517ff83c0fb321bc7fc","ext":"png"},{"path":"assets/0ea69b5077e7c4696db85dbcba75b0e1","ext":"png"},{"path":"assets/f5b790e2ac193b3d41015edb3551f9b8","ext":"png"},{"path":"assets/5223c8d9b0d08b82a5670fb5f71faf78","ext":"png"},{"path":"assets/563d5e3294b67811d0a1aede6f601e30","ext":"png"},{"path":"assets/b6c297a501e289394b0bc5dc69c265e6","ext":"png"},{"path":"assets/5974eb3e1c5314e8d5a822702d7d0740","ext":"png"},{"path":"assets/9d9c5644f55c2f6e4b7f247c378b2fe9","ext":"png"},{"path":"assets/3a2ba31570920eeb9b1d217cabe58315","ext":"ttf"},{"path":"assets/31b5ffea3daddc69dd01a1f3d6cf63c5","ext":"ttf"},{"path":"assets/140c53a7643ea949007aa9a282153849","ext":"ttf"},{"path":"assets/a76d309774d33d9856f650bed4292a23","ext":"ttf"},{"path":"assets/b49ae8ab2dbccb02c4d11caaacf09eab","ext":"ttf"},{"path":"assets/b06871f281fee6b241d60582ae9369b9","ext":"ttf"},{"path":"assets/1f77739ca9ff2188b539c36f30ffa2be","ext":"ttf"},{"path":"assets/605ed7926cf39a2ad5ec2d1f9d391d3d","ext":"ttf"},{"path":"assets/3b89dd103490708d19a95adcae52210e","ext":"ttf"},{"path":"assets/370dd5af19f8364907b6e2c41f45dbbf","ext":"ttf"},{"path":"assets/adec7d6f310bc577f05e8fe06a5daccf","ext":"ttf"},{"path":"assets/56c8d80832e37783f12c05db7c8849e2","ext":"ttf"},{"path":"assets/e20945d7c929279ef7a6f1db184a4470","ext":"ttf"},{"path":"assets/b62641afc9ab487008e996a5c5865e56","ext":"ttf"},{"path":"assets/4e85bc9ebe07e0340c9c4fc2f6c38908","ext":"ttf"},{"path":"assets/f7c53c47a66934504fcbc7cc164895a7","ext":"ttf"},{"path":"assets/d2285965fe34b05465047401b8595dd0","ext":"ttf"},{"path":"assets/1681f34aaca71b8dfb70756bca331eb2","ext":"ttf"},{"path":"assets/28429aae159cbb3b7f9f30054d364d13","ext":"png"}]}}}